{"name": "DDLC Mood Posing Tool Previewer", "version": "1.0", "location": {"callable": {"delete_character": ["game/definitions.rpy", 36], "game_menu_check": ["game/options.rpy", 132], "pause": ["game/definitions.rpy", 65], "nref": ["game/pose_previewer.rpy", 139], "replace_text": ["game/options.rpy", 126], "yref": ["game/pose_previewer.rpy", 150], "mref": ["game/pose_previewer.rpy", 117], "sref": ["game/pose_previewer.rpy", 128], "force_integer_multiplier": ["game/options.rpy", 137], "get_pos": ["game/definitions.rpy", 25], "yuripupils_function": ["game/transforms.rpy", 502], "delete_all_saves": ["game/definitions.rpy", 31], "filter_text_tags": ["game/screens.rpy", 985], "restore_relevant_characters": ["game/definitions.rpy", 53], "restore_all_characters": ["game/definitions.rpy", 42], "RigMouse": ["game/screens.rpy", 677]}, "screen": {"load": ["game/screens.rpy", 832], "fake_skip_indicator": ["game/screens.rpy", 1094], "say": ["game/screens.rpy", 613], "notify": ["game/screens.rpy", 1129], "rigged_choice": ["game/screens.rpy", 683], "nvl": ["game/screens.rpy", 1151], "preferences": ["game/screens.rpy", 887], "confirm": ["game/screens.rpy", 1061], "input": ["game/screens.rpy", 652], "save": ["game/screens.rpy", 828], "skip_indicator": ["game/screens.rpy", 1097], "file_slots": ["game/screens.rpy", 836], "choice": ["game/screens.rpy", 670], "game_menu": ["game/screens.rpy", 775], "name_input": ["game/screens.rpy", 1021], "main_menu": ["game/screens.rpy", 741], "layeredimagetool_stats": ["game/pose_previewer.rpy", 161], "pose_caption": ["game/screenshot_loop.rpy", 497], "quick_menu": ["game/screens.rpy", 695], "nvl_dialogue": ["game/screens.rpy", 1172], "dialog": ["game/screens.rpy", 1042], "navigation": ["game/screens.rpy", 722], "history": ["game/screens.rpy", 962]}, "define": {"n_appeal": ["game/definitions.rpy", 1401], "gui.accent_color": ["game/gui.rpy", 17], "gui.interface_text_size": ["game/gui.rpy", 62], "build.name": ["game/options.rpy", 23], "gui.bar_tile": ["game/gui.rpy", 292], "gui.notify_text_size": ["game/gui.rpy", 68], "gui.nvl_thought_xpos": ["game/gui.rpy", 364], "ch4_scene": ["game/definitions.rpy", 1428], "gui.default_font": ["game/gui.rpy", 47], "seen_eyes_this_chapter": ["game/definitions.rpy", 1352], "config.history_length": ["game/gui.rpy", 315], "s_name": ["game/definitions.rpy", 1374], "gui.page_spacing": ["game/gui.rpy", 253], "close_eyes": ["game/transforms.rpy", 342], "gui.page_button_borders": ["game/gui.rpy", 173], "gui.idle_color": ["game/gui.rpy", 20], "config.enter_transition": ["game/options.rpy", 46], "gui.history_text_xalign": ["game/gui.rpy", 332], "basedir": ["game/definitions.rpy", 1369], "audio.tnatsuki": ["game/definitions.rpy", 102], "gui.nvl_text_width": ["game/gui.rpy", 359], "gui.slider_tile": ["game/gui.rpy", 294], "gui.text_ypos": ["game/gui.rpy", 120], "audio.t5b": ["game/definitions.rpy", 105], "audio.t5c": ["game/definitions.rpy", 106], "gui.nvl_button_xalign": ["game/gui.rpy", 371], "gui.activate_sound": ["game/gui.rpy", 10], "in_sayori_kill": ["game/definitions.rpy", 1364], "gui.nvl_text_ypos": ["game/gui.rpy", 358], "sayori_confess": ["game/definitions.rpy", 1432], "config.version": ["game/options.rpy", 14], "gui.slot_button_borders": ["game/gui.rpy", 211], "wipeleft": ["game/transforms.rpy", 359], "in_yuri_kill": ["game/definitions.rpy", 1365], "gui.skip_ypos": ["game/gui.rpy", 235], "gui.pref_spacing": ["game/gui.rpy", 247], "dissolve_cg": ["game/transforms.rpy", 324], "dissolve_scene": ["game/transforms.rpy", 325], "gui.insensitive_color": ["game/gui.rpy", 33], "audio.t3g2": ["game/definitions.rpy", 92], "audio.t3g3": ["game/definitions.rpy", 93], "m_poemappeal": ["game/definitions.rpy", 1385], "m_appeal": ["game/definitions.rpy", 1404], "config.window_icon": ["game/options.rpy", 97], "gui.notify_ypos": ["game/gui.rpy", 238], "trueblack": ["game/transforms.rpy", 353], "gui.muted_color": ["game/gui.rpy", 37], "gui.quick_button_text_selected_color": ["game/gui.rpy", 179], "config.has_sound": ["game/options.rpy", 27], "config.predict_statements": ["game/options.rpy", 117], "gui.slot_button_text_idle_color": ["game/gui.rpy", 214], "gui.button_text_font": ["game/gui.rpy", 146], "natsuki_23": ["game/definitions.rpy", 1435], "gui.scrollbar_tile": ["game/gui.rpy", 293], "gui.game_menu_background": ["game/gui.rpy", 79], "audio.t4g": ["game/definitions.rpy", 96], "allow_skipping": ["game/definitions.rpy", 1368], "gui.choice_button_text_hover_color": ["game/gui.rpy", 200], "n_name": ["game/definitions.rpy", 1376], "gui.nvl_button_xpos": ["game/gui.rpy", 370], "persistent.steam": ["game/definitions.rpy", 8], "gui.name_xalign": ["game/gui.rpy", 100], "ch1_choice": ["game/definitions.rpy", 1419], "config.autosave_slots": ["game/options.rpy", 109], "gui.namebox_borders": ["game/gui.rpy", 109], "config.after_load_transition": ["game/options.rpy", 52], "gui.radio_button_borders": ["game/gui.rpy", 167], "config.developer": ["game/definitions.rpy", 10], "gui.vbar_borders": ["game/gui.rpy", 302], "config.end_game_transition": ["game/options.rpy", 56], "config.narrator_menu": ["game/screens.rpy", 8], "poemwinner": ["game/definitions.rpy", 1388], "gui.quick_button_text_size": ["game/gui.rpy", 176], "help_monika": ["game/definitions.rpy", 1425], "config.mouse": ["game/definitions.rpy", 1367], "y_appeal": ["game/definitions.rpy", 1403], "gui.hover_sound": ["game/gui.rpy", 9], "n": ["game/definitions.rpy", 1335], "m_name": ["game/definitions.rpy", 1375], "audio.t7g": ["game/definitions.rpy", 113], "gui.history_text_width": ["game/gui.rpy", 331], "audio.t7a": ["game/definitions.rpy", 112], "gui.button_text_size": ["game/gui.rpy", 149], "audio.g1": ["game/definitions.rpy", 125], "wipeleft_scene": ["game/transforms.rpy", 362], "audio.g2": ["game/definitions.rpy", 126], "gui.scrollbar_size": ["game/gui.rpy", 288], "gui.about": ["game/options.rpy", 18], "gui.slot_button_width": ["game/gui.rpy", 209], "config.window": ["game/options.rpy", 62], "config.rollback_enabled": ["game/options.rpy", 118], "y_name": ["game/definitions.rpy", 1377], "gui.choice_button_borders": ["game/gui.rpy", 195], "config.window_hide_transition": ["game/options.rpy", 69], "gui.text_xpos": ["game/gui.rpy", 119], "audio.page_turn": ["game/definitions.rpy", 131], "audio.fall": ["game/definitions.rpy", 132], "audio.closet_open": ["game/definitions.rpy", 129], "n_read3": ["game/definitions.rpy", 1415], "y_poemappeal": ["game/definitions.rpy", 1384], "currentpos": ["game/definitions.rpy", 1371], "gui.choice_button_text_xalign": ["game/gui.rpy", 198], "gui.history_name_xpos": ["game/gui.rpy", 323], "bbl_natsuki": ["game/test_script.rpy", 36], "gui.skip_frame_borders": ["game/gui.rpy", 270], "s_readpoem": ["game/definitions.rpy", 1391], "audio.hb": ["game/definitions.rpy", 127], "gui.title_text_size": ["game/gui.rpy", 71], "chapter": ["game/definitions.rpy", 1370], "gui.history_height": ["game/gui.rpy", 319], "n_readpoem": ["game/definitions.rpy", 1392], "audio.t6g": ["game/definitions.rpy", 108], "gui.navigation_xpos": ["game/gui.rpy", 232], "gui.slot_button_height": ["game/gui.rpy", 210], "gui.history_text_ypos": ["game/gui.rpy", 330], "config.nvl_list_length": ["game/screens.rpy", 1187], "config.name": ["game/options.rpy", 5], "dissolve": ["game/transforms.rpy", 321], "audio.t6s": ["game/definitions.rpy", 110], "audio.t6r": ["game/definitions.rpy", 109], "audio.tyuri": ["game/definitions.rpy", 103], "gui.name_ypos": ["game/gui.rpy", 96], "gui.selected_color": ["game/gui.rpy", 30], "gui.history_text_xpos": ["game/gui.rpy", 329], "gui.nvl_borders": ["game/gui.rpy", 339], "gui.confirm_button_text_xalign": ["game/gui.rpy", 171], "dissolve_scene_half": ["game/transforms.rpy", 336], "gui.unscrollable": ["game/gui.rpy", 308], "config.thumbnail_width": ["game/gui.rpy", 218], "audio.t10": ["game/definitions.rpy", 117], "gui.main_menu_background": ["game/gui.rpy", 76], "gui.button_width": ["game/gui.rpy", 135], "gui.button_text_hover_color": ["game/gui.rpy", 153], "gui.nvl_thought_ypos": ["game/gui.rpy", 365], "config.save_directory": ["game/options.rpy", 93], "gui.text_width": ["game/gui.rpy", 123], "gui.namebox_tile": ["game/gui.rpy", 113], "audio.t2g": ["game/definitions.rpy", 87], "y_ranaway": ["game/definitions.rpy", 1412], "gui.hover_color": ["game/gui.rpy", 27], "gui.scrollbar_borders": ["game/gui.rpy", 298], "gui.interface_text_color": ["game/gui.rpy", 42], "gui.navigation_spacing": ["game/gui.rpy", 244], "gui.slot_button_text_size": ["game/gui.rpy", 212], "gui.frame_tile": ["game/gui.rpy", 276], "n_exclusivewatched": ["game/definitions.rpy", 1407], "gui.idle_small_color": ["game/gui.rpy", 24], "config.has_autosave": ["game/options.rpy", 103], "gui.nvl_text_xalign": ["game/gui.rpy", 360], "config.exit_transition": ["game/options.rpy", 47], "gui.button_text_xalign": ["game/gui.rpy", 159], "gui.name_xpos": ["game/gui.rpy", 95], "config.has_voice": ["game/options.rpy", 35], "gui.name_text_size": ["game/gui.rpy", 59], "y_gave": ["game/definitions.rpy", 1411], "bbl_sayori": ["game/test_script.rpy", 35], "gui.file_slot_rows": ["game/gui.rpy", 223], "gui.button_text_insensitive_color": ["game/gui.rpy", 155], "gui.text_xalign": ["game/gui.rpy", 127], "audio.tsayori": ["game/definitions.rpy", 101], "gui.hover_muted_color": ["game/gui.rpy", 38], "gui.button_text_idle_color": ["game/gui.rpy", 152], "narrator": ["game/definitions.rpy", 1331], "gui.nvl_thought_width": ["game/gui.rpy", 366], "ch4_name": ["game/definitions.rpy", 1429], "gui.text_size": ["game/gui.rpy", 56], "audio.ghostmenu": ["game/definitions.rpy", 124], "audio.t9g": ["game/definitions.rpy", 116], "gui.choice_button_text_font": ["game/gui.rpy", 196], "y_readpoem": ["game/definitions.rpy", 1393], "gui.button_text_selected_color": ["game/gui.rpy", 154], "gui.quick_button_text_idle_color": ["game/gui.rpy", 177], "config.window_show_transition": ["game/options.rpy", 68], "y_read3": ["game/definitions.rpy", 1416], "gui.nvl_height": ["game/gui.rpy", 343], "gui.choice_button_height": ["game/gui.rpy", 193], "test_poses_is_looping": ["game/test_script.rpy", 38], "bbl_monika": ["game/test_script.rpy", 34], "gui.nvl_spacing": ["game/gui.rpy", 347], "quick_menu": ["game/screens.rpy", 709], "y_exclusivewatched": ["game/definitions.rpy", 1408], "gui.name_font": ["game/gui.rpy", 50], "gui.bar_borders": ["game/gui.rpy", 297], "mc": ["game/definitions.rpy", 1332], "config.gl_test_image": ["game/options.rpy", 120], "config.has_music": ["game/options.rpy", 31], "n_poemappeal": ["game/definitions.rpy", 1382], "audio.closet_close": ["game/definitions.rpy", 130], "open_eyes": ["game/transforms.rpy", 348], "gui.textbox_height": ["game/gui.rpy", 87], "gui.file_slot_cols": ["game/gui.rpy", 222], "gui.text_color": ["game/gui.rpy", 41], "m_readpoem": ["game/definitions.rpy", 1394], "n_poemearly": ["game/definitions.rpy", 1421], "gui.history_name_ypos": ["game/gui.rpy", 324], "gui.namebox_height": ["game/gui.rpy", 105], "poemsread": ["game/definitions.rpy", 1397], "gui.textbox_yalign": ["game/gui.rpy", 91], "gui.slot_button_text_hover_color": ["game/gui.rpy", 215], "gui.nvl_name_width": ["game/gui.rpy", 353], "gui.choice_button_text_idle_color": ["game/gui.rpy", 199], "config.main_menu_music": ["game/options.rpy", 40], "gui.button_borders": ["game/gui.rpy", 139], "player": ["game/definitions.rpy", 1345], "audio.t10y": ["game/definitions.rpy", 118], "gui.button_tile": ["game/gui.rpy", 143], "anticheat": ["game/definitions.rpy", 1366], "config.image_cache_size": ["game/options.rpy", 116], "gui.frame_borders": ["game/gui.rpy", 264], "audio.tmonika": ["game/definitions.rpy", 100], "gui.choice_button_tile": ["game/gui.rpy", 194], "audio.t1": ["game/definitions.rpy", 85], "audio.t2": ["game/definitions.rpy", 86], "audio.t3": ["game/definitions.rpy", 90], "audio.t4": ["game/definitions.rpy", 95], "audio.t5": ["game/definitions.rpy", 97], "audio.t6": ["game/definitions.rpy", 107], "audio.t7": ["game/definitions.rpy", 111], "audio.t8": ["game/definitions.rpy", 114], "audio.t9": ["game/definitions.rpy", 115], "bbl_yuri": ["game/test_script.rpy", 37], "config.layers": ["game/options.rpy", 113], "gui.interface_font": ["game/gui.rpy", 53], "s": ["game/definitions.rpy", 1333], "audio.t3g": ["game/definitions.rpy", 91], "ny": ["game/definitions.rpy", 1337], "audio.t2g3": ["game/definitions.rpy", 89], "audio.t2g2": ["game/definitions.rpy", 88], "gui.nvl_name_xalign": ["game/gui.rpy", 354], "gui.label_text_size": ["game/gui.rpy", 65], "tpause": ["game/transforms.rpy", 368], "gui.nvl_thought_xalign": ["game/gui.rpy", 367], "gui.namebox_width": ["game/gui.rpy", 104], "gui.quick_button_text_hover_color": ["game/gui.rpy", 178], "config.allow_skipping": ["game/options.rpy", 100], "dissolve_scene_full": ["game/transforms.rpy", 328], "gui.vslider_borders": ["game/gui.rpy", 304], "audio.m1": ["game/definitions.rpy", 121], "gui.slider_borders": ["game/gui.rpy", 299], "s_poemappeal": ["game/definitions.rpy", 1383], "gui.nvl_text_xpos": ["game/gui.rpy", 357], "gui.notify_frame_borders": ["game/gui.rpy", 273], "gui.button_height": ["game/gui.rpy", 136], "s_appeal": ["game/definitions.rpy", 1402], "gui.quick_button_text_insensitive_color": ["game/gui.rpy", 180], "gui.history_name_width": ["game/gui.rpy", 325], "gui.slot_spacing": ["game/gui.rpy", 256], "gui.pref_button_spacing": ["game/gui.rpy", 250], "config.thumbnail_height": ["game/gui.rpy", 219], "audio.t3m": ["game/definitions.rpy", 94], "gui.bar_size": ["game/gui.rpy", 287], "gui.choice_button_width": ["game/gui.rpy", 192], "faint_effect": ["game/definitions.rpy", 1372], "gui.nvl_name_ypos": ["game/gui.rpy", 352], "persistent.demo": ["game/definitions.rpy", 7], "audio.mend": ["game/definitions.rpy", 122], "config.menu_clear_layers": ["game/options.rpy", 119], "m": ["game/definitions.rpy", 1334], "gui.slot_button_text_xalign": ["game/gui.rpy", 213], "gui.slider_size": ["game/gui.rpy", 289], "gui.confirm_frame_borders": ["game/gui.rpy", 267], "gui.show_name": ["game/options.rpy", 9], "gui.activate_sound_glitch": ["game/gui.rpy", 11], "audio.td": ["game/definitions.rpy", 119], "gui.history_name_xalign": ["game/gui.rpy", 326], "config.autosave_on_quit": ["game/options.rpy", 106], "y": ["game/definitions.rpy", 1336], "help_sayori": ["game/definitions.rpy", 1424], "gui.check_button_borders": ["game/gui.rpy", 169], "gui.choice_spacing": ["game/gui.rpy", 241], "gui.nvl_name_xpos": ["game/gui.rpy", 351], "gui.choice_button_text_size": ["game/gui.rpy", 197], "gui.vscrollbar_borders": ["game/gui.rpy", 303]}, "transform": {"focus": ["game/transforms.rpy", 25], "h44": ["game/transforms.rpy", 197], "h43": ["game/transforms.rpy", 195], "h42": ["game/transforms.rpy", 193], "h41": ["game/transforms.rpy", 191], "f41": ["game/transforms.rpy", 147], "f43": ["game/transforms.rpy", 151], "f42": ["game/transforms.rpy", 149], "f44": ["game/transforms.rpy", 153], "yuripupils_move": ["game/transforms.rpy", 498], "d32": ["game/transforms.rpy", 245], "d33": ["game/transforms.rpy", 247], "d31": ["game/transforms.rpy", 243], "rhide": ["game/transforms.rpy", 97], "screenshot_sayori_turned": ["game/screenshot_loop.rpy", 8], "menu_fadeout": ["game/splash.rpy", 176], "vignettefade": ["game/transforms.rpy", 427], "malpha": ["game/transforms.rpy", 508], "hf43": ["game/transforms.rpy", 217], "s44": ["game/transforms.rpy", 175], "s41": ["game/transforms.rpy", 169], "s42": ["game/transforms.rpy", 171], "s43": ["game/transforms.rpy", 173], "d43": ["game/transforms.rpy", 239], "d42": ["game/transforms.rpy", 237], "d41": ["game/transforms.rpy", 235], "dip": ["game/transforms.rpy", 58], "d44": ["game/transforms.rpy", 241], "noise_alpha": ["game/transforms.rpy", 412], "lhide": ["game/transforms.rpy", 92], "menu_bg_move": ["game/splash.rpy", 144], "hopfocus": ["game/transforms.rpy", 52], "tinstant": ["game/transforms.rpy", 21], "layerflicker": ["game/transforms.rpy", 448], "menu_nav_move": ["game/splash.rpy", 170], "l11": ["game/transforms.rpy", 275], "f22": ["game/transforms.rpy", 163], "f21": ["game/transforms.rpy", 161], "t11": ["game/transforms.rpy", 121], "hf44": ["game/transforms.rpy", 219], "hf42": ["game/transforms.rpy", 215], "warning_image_location": ["game/screenshot_loop.rpy", 21], "hf41": ["game/transforms.rpy", 213], "s11": ["game/transforms.rpy", 187], "menu_art_move": ["game/splash.rpy", 182], "hf21": ["game/transforms.rpy", 227], "hf22": ["game/transforms.rpy", 229], "n_cg2_wiggle": ["game/transforms.rpy", 296], "l21": ["game/transforms.rpy", 271], "l22": ["game/transforms.rpy", 273], "sink": ["game/transforms.rpy", 41], "leftin": ["game/transforms.rpy", 77], "heartbeat2": ["game/transforms.rpy", 482], "i32": ["game/transforms.rpy", 135], "f31": ["game/transforms.rpy", 155], "f32": ["game/transforms.rpy", 157], "f33": ["game/transforms.rpy", 159], "t21": ["game/transforms.rpy", 117], "heartbeat": ["game/transforms.rpy", 479], "t22": ["game/transforms.rpy", 119], "delayed_blink": ["game/screens.rpy", 1110], "t43": ["game/transforms.rpy", 107], "t42": ["game/transforms.rpy", 105], "t41": ["game/transforms.rpy", 103], "hf33": ["game/transforms.rpy", 225], "hf32": ["game/transforms.rpy", 223], "hf31": ["game/transforms.rpy", 221], "t44": ["game/transforms.rpy", 109], "l32": ["game/transforms.rpy", 267], "l33": ["game/transforms.rpy", 269], "l31": ["game/transforms.rpy", 265], "i44": ["game/transforms.rpy", 131], "screenshot_natsuki_fs": ["game/screenshot_loop.rpy", 4], "i42": ["game/transforms.rpy", 127], "i43": ["game/transforms.rpy", 129], "i41": ["game/transforms.rpy", 125], "cgfade": ["game/transforms.rpy", 287], "tcommon": ["game/transforms.rpy", 6], "t32": ["game/transforms.rpy", 113], "t33": ["game/transforms.rpy", 115], "t31": ["game/transforms.rpy", 111], "screenshot_yuri_shy": ["game/screenshot_loop.rpy", 18], "s31": ["game/transforms.rpy", 177], "s33": ["game/transforms.rpy", 181], "s32": ["game/transforms.rpy", 179], "thide": ["game/transforms.rpy", 86], "noisefade": ["game/transforms.rpy", 416], "rightin": ["game/transforms.rpy", 81], "screenshot_monika_lean": ["game/screenshot_loop.rpy", 15], "l43": ["game/transforms.rpy", 261], "l42": ["game/transforms.rpy", 259], "l41": ["game/transforms.rpy", 257], "l44": ["game/transforms.rpy", 263], "i33": ["game/transforms.rpy", 137], "h11": ["game/transforms.rpy", 209], "i31": ["game/transforms.rpy", 133], "f11": ["game/transforms.rpy", 165], "vignetteflicker": ["game/transforms.rpy", 433], "menu_logo_move": ["game/splash.rpy", 164], "notify_appear": ["game/screens.rpy", 1136], "particle_fadeout": ["game/splash.rpy", 141], "n_cg2_zoom": ["game/transforms.rpy", 314], "d11": ["game/transforms.rpy", 253], "i21": ["game/transforms.rpy", 139], "i22": ["game/transforms.rpy", 141], "h21": ["game/transforms.rpy", 205], "h22": ["game/transforms.rpy", 207], "hop": ["game/transforms.rpy", 46], "rewind": ["game/transforms.rpy", 466], "panic": ["game/transforms.rpy", 64], "h32": ["game/transforms.rpy", 201], "h33": ["game/transforms.rpy", 203], "h31": ["game/transforms.rpy", 199], "screenshot_natsuki_turned": ["game/screenshot_loop.rpy", 1], "n_cg2_wiggle_loop": ["game/transforms.rpy", 308], "d21": ["game/transforms.rpy", 249], "menu_bg_loop": ["game/splash.rpy", 156], "d22": ["game/transforms.rpy", 251], "i11": ["game/transforms.rpy", 143], "face": ["game/transforms.rpy", 279], "s22": ["game/transforms.rpy", 185], "s21": ["game/transforms.rpy", 183], "hf11": ["game/transforms.rpy", 231], "screenshot_sayori_tap": ["game/screenshot_loop.rpy", 11]}, "label": {"screenshotter": ["game/screenshot_loop.rpy", 92], "black_background_loop_2": ["game/test_script.rpy", 48], "test_menu": ["game/test_script.rpy", 4], "black_background_loop": ["game/test_script.rpy", 42], "warningscreen": ["game/splash.rpy", 449], "after_load": ["game/splash.rpy", 456], "main_menu": ["game/splash.rpy", 503], "test_poses": ["game/script_test.rpy", 1], "autoload": ["game/splash.rpy", 471], "position_parser": ["game/pose_previewer.rpy", 89], "pose_loop": ["game/pose_previewer.rpy", 21], "start": ["game/script.rpy", 1], "screenshotter_special": ["game/screenshot_loop.rpy", 439], "test_menu_borked": ["game/test_script.rpy", 26], "before_main_menu": ["game/splash.rpy", 489], "endgame": ["game/script.rpy", 20], "example_layeredimage_script": ["game/script_example.rpy", 3], "splashscreen": ["game/splash.rpy", 246], "pose_previewer": ["game/pose_previewer.rpy", 1]}}, "error": false, "size": [1280, 720], "build": {"documentation_patterns": ["README.html"], "directory_name": "DDLC_MPT-1.0", "display_name": "DDLC Mood Posing Tool Previewer", "script_version": true, "destination": "DDLC_MPT-1.0-dists", "renpy": false, "allow_integrated_gpu": true, "include_update": false, "base_patterns": [["*.py", null], ["*.sh", null], ["*.app/", null], ["*.dll", null], ["*.manifest", null], ["lib/", null], ["renpy/", null], ["update/", null], ["common/", null], ["update/", null], ["icon.ico", null], ["icon.icns", null], ["project.json", null], ["log.txt", null], ["errors.txt", null], ["traceback.txt", null], ["image_cache.txt", null], ["text_overflow.txt", null], ["dialogue.txt", null], ["dialogue.tab", null], ["profile_screen.txt", null], ["files.txt", null], ["tmp/", null], ["game/saves/", null], ["game/bytecode.rpyb", null], ["archived/", null], ["launcherinfo.py", null], ["android.txt", null], [".android.json", ["android"]], ["android-*.png", ["android"]], ["android-*.jpg", ["android"]], ["ouya_icon.png", null], ["ios-presplash.*", ["ios"]], ["ios-launchimage.png", null], ["ios-icon.png", null], ["web-presplash.png", ["web"]], ["web-presplash.jpg", ["web"]], ["game/mod_assets/**", ["mod_assets"]], ["game/**.rpyc", ["scripts"]], ["game/README.txt", null], ["game/**.txt", ["scripts"]], ["game/**.chr", ["scripts"]], ["game/advanced_scripts/**", ["scripts"]], ["**~", null], ["**.bak", null], ["**/.**", null], ["**/#**", null], ["**/thumbs.db", null], ["**.rpy", null], ["**.psd", null], ["**.sublime-project", null], ["**.sublime-workspace", null], ["/music/*.*", null], ["script-regex.txt", null], ["/game/10", null], ["/game/cache/*.*", null], ["**.rpa", null], ["README.html", ["DDLC_MPT"]], ["ddmm-mod.json", ["DDLC_MPT"]], [".*", null], ["**", ["all"]]], "version": "1.0", "archives": [["archive", ["all"]], ["scripts", ["all"]], ["mod_assets", ["all"]]], "xbit_patterns": ["**.sh", "**/*.so.*", "**/*.so", "**/*.dylib", "lib/**/python", "lib/**/pythonw", "lib/**/zsync", "lib/**/zsyncmake", "**.app/Contents/MacOS/*", "**.app/Contents/MacOS/lib/**/python", "**.app/Contents/MacOS/lib/**/pythonw", "**.app/Contents/MacOS/lib/**/zsync", "**.app/Contents/MacOS/lib/**/zsyncmake"], "exclude_empty_directories": true, "renpy_patterns": [["renpy/common/_compat/**", null], ["renpy/common/_roundrect/**", null], ["renpy/common/_outline/**", null], ["renpy/common/_theme**", null], ["**~", null], ["**/#*", null], ["**/.*", null], ["**.old", null], ["**.new", null], ["**.rpa", null], ["**/*.pyc", null], ["renpy.py", ["all"]], ["renpy/", ["all"]], ["renpy/**.py", ["renpy"]], ["renpy/**.pyx", ["renpy"]], ["renpy/**.pyd", ["renpy"]], ["renpy/**.pxi", ["renpy"]], ["renpy/common/", ["all"]], ["renpy/common/_compat/**", ["renpy"]], ["renpy/common/**.rpy", ["renpy"]], ["renpy/common/**.rpym", ["renpy"]], ["renpy/common/_compat/**", ["renpy"]], ["renpy/common/**", ["all"]], ["renpy/**", ["all"]], ["lib/*/renpy", null], ["lib/*/renpy.exe", null], ["lib/windows-i686/**", ["windows"]], ["lib/linux-*/**", ["linux"]], ["lib/darwin-x86_64/**", ["mac"]], ["/lib/**", ["windows", "linux", "mac"]], ["renpy.sh", ["linux", "mac"]]], "packages": [{"dlc": false, "hidden": false, "description": "PC: Windows and Linux", "formats": ["zip"], "file_lists": ["windows", "linux", "renpy", "all"], "update": true, "name": "pc"}, {"dlc": false, "hidden": false, "description": "Linux x86/x86_64", "formats": ["tar.bz2"], "file_lists": ["linux", "renpy", "all"], "update": true, "name": "linux"}, {"dlc": false, "hidden": false, "description": "Macintosh x86_64", "formats": ["app-zip", "app-dmg"], "file_lists": ["mac", "renpy", "all"], "update": true, "name": "mac"}, {"dlc": false, "hidden": false, "description": "Windows x86", "formats": ["zip"], "file_lists": ["windows", "renpy", "all"], "update": true, "name": "win"}, {"dlc": false, "hidden": false, "description": "Windows, Mac, Linux for Markets", "formats": ["zip"], "file_lists": ["windows", "linux", "mac", "renpy", "all"], "update": true, "name": "market"}, {"dlc": false, "hidden": true, "description": "steam", "formats": ["zip"], "file_lists": ["windows", "linux", "mac", "renpy", "all"], "update": true, "name": "steam"}, {"dlc": true, "hidden": true, "description": "android", "formats": ["directory"], "file_lists": ["android", "all"], "update": false, "name": "android"}, {"dlc": true, "hidden": true, "description": "ios", "formats": ["directory"], "file_lists": ["ios", "all"], "update": false, "name": "ios"}, {"dlc": true, "hidden": false, "description": "web", "formats": ["zip"], "file_lists": ["web", "all"], "update": false, "name": "web"}, {"dlc": false, "hidden": false, "description": "DDLC Compatible Mod", "formats": ["zip"], "file_lists": ["DDLC_MPT"], "update": true, "name": "Mod"}], "executable_name": "DDLC_MPT"}}